{
	"credit": "Made with Blockbench",
	"textures": {
		"0": "friendsandfoes:item/totem_of_illusion"
	},
	"elements": [
		{
			"from": [5, 7, 5],
			"to": [11, 14, 10],
			"faces": {
				"north": {"uv": [2.5, 3, 5.5, 6.5], "texture": "#0"},
				"east": {"uv": [0, 3, 2.5, 6.5], "texture": "#0"},
				"south": {"uv": [11, 3, 8, 6.5], "texture": "#0"},
				"west": {"uv": [5.5, 3, 8, 6.5], "texture": "#0"},
				"up": {"uv": [2.5, 0.5, 5.5, 3], "rotation": 180, "texture": "#0"},
				"down": {"uv": [5.5, 0.5, 8.5, 3], "texture": "#0"}
			}
		},
		{
			"from": [7, 7, 4],
			"to": [9, 10, 6],
			"faces": {
				"north": {"uv": [9.5, 1.5, 10.5, 3], "texture": "#0"},
				"east": {"uv": [8.5, 1.5, 9.5, 3], "texture": "#0"},
				"south": {"uv": [2, 0, 3, 1], "texture": "#0"},
				"west": {"uv": [10.5, 1.5, 11.5, 3], "texture": "#0"},
				"up": {"uv": [9.5, 0.5, 10.5, 1.5], "rotation": 180, "texture": "#0"},
				"down": {"uv": [10.5, 0.5, 11.5, 1.5], "texture": "#0"}
			}
		},
		{
			"from": [5, 4, 6],
			"to": [11, 7, 10],
			"faces": {
				"north": {"uv": [2.5, 7, 5.5, 8.5], "texture": "#0"},
				"east": {"uv": [0.5, 7, 2.5, 8.5], "texture": "#0"},
				"south": {"uv": [7.5, 7, 10.5, 8.5], "texture": "#0"},
				"west": {"uv": [5.5, 7, 7.5, 8.5], "texture": "#0"},
				"up": {"uv": [0, 0, 0, 0], "texture": "#0"},
				"down": {"uv": [5.5, 1, 8.5, 3], "texture": "#0"}
			}
		},
		{
			"name": "legs",
			"from": [6, 2, 7],
			"to": [10, 4, 9],
			"faces": {
				"north": {"uv": [3, 8.5, 5, 9.5], "texture": "#0"},
				"east": {"uv": [2, 8.5, 3, 9.5], "texture": "#0"},
				"south": {"uv": [6, 8.5, 8, 9.5], "texture": "#0"},
				"west": {"uv": [5, 8.5, 6, 9.5], "texture": "#0"},
				"up": {"uv": [0, 0, 0, 0], "texture": "#0"},
				"down": {"uv": [3, 9.5, 5, 10.5], "texture": "#0"}
			}
		},
		{
			"name": "illusion_cube",
			"from": [1, 8, 7],
			"to": [4, 11, 9],
			"rotation": {"angle": 0, "axis": "y", "origin": [-7, 0, 2]},
			"faces": {
				"north": {"uv": [1, 12, 2.5, 13.5], "texture": "#0"},
				"east": {"uv": [0, 12, 1, 13.5], "texture": "#0"},
				"south": {"uv": [5, 12, 3.5, 13.5], "texture": "#0"},
				"west": {"uv": [2.5, 12, 3.5, 13.5], "texture": "#0"},
				"up": {"uv": [0, 11, 1.5, 12], "rotation": 180, "texture": "#0"},
				"down": {"uv": [1.5, 11, 3, 12], "texture": "#0"}
			}
		},
		{
			"name": "illusion_cube",
			"from": [2, 8, 6],
			"to": [3, 10, 7],
			"rotation": {"angle": 0, "axis": "y", "origin": [-6, 1, 2]},
			"faces": {
				"north": {"uv": [6, 12, 6.5, 13], "texture": "#0"},
				"east": {"uv": [5.5, 12, 6, 13], "texture": "#0"},
				"south": {"uv": [6.5, 12, 7, 12.5], "texture": "#0"},
				"west": {"uv": [7, 12, 7.5, 13], "texture": "#0"},
				"up": {"uv": [6.5, 11, 7, 11.5], "rotation": 180, "texture": "#0"},
				"down": {"uv": [7, 11, 7.5, 11.5], "texture": "#0"}
			}
		},
		{
			"name": "illusion_cube",
			"from": [1, 5, 7],
			"to": [4, 8, 9],
			"rotation": {"angle": 0, "axis": "y", "origin": [-7, 0, 1]},
			"faces": {
				"north": {"uv": [9, 12.5, 10.5, 14], "texture": "#0"},
				"east": {"uv": [8, 12.5, 9, 14], "texture": "#0"},
				"south": {"uv": [11.5, 12.5, 13, 14], "texture": "#0"},
				"west": {"uv": [10.5, 12.5, 11.5, 14], "texture": "#0"},
				"up": {"uv": [13.5, 12.5, 13.5, 12.5], "texture": "#0"},
				"down": {"uv": [9, 11.5, 10.5, 12.5], "texture": "#0"}
			}
		},
		{
			"name": "illusion_legs",
			"from": [2, 4, 7.5],
			"to": [3, 5, 8.5],
			"rotation": {"angle": 0, "axis": "y", "origin": [-6, 2, 0.5]},
			"faces": {
				"north": {"uv": [8.5, 14.5, 9, 15], "texture": "#0"},
				"east": {"uv": [8, 14.5, 8.5, 15], "texture": "#0"},
				"south": {"uv": [9.5, 14.5, 10, 15], "texture": "#0"},
				"west": {"uv": [9, 14.5, 9.5, 15], "texture": "#0"},
				"up": {"uv": [7.5, 14.5, 7.5, 14.5], "texture": "#0"},
				"down": {"uv": [8.5, 15, 9, 15.5], "texture": "#0"}
			}
		},
		{
			"name": "illusion_legs",
			"from": [13, 4, 7.5],
			"to": [14, 5, 8.5],
			"rotation": {"angle": 0, "axis": "y", "origin": [5, 2, 0.5]},
			"faces": {
				"north": {"uv": [8.5, 14.5, 9, 15], "texture": "#0"},
				"east": {"uv": [8, 14.5, 8.5, 15], "texture": "#0"},
				"south": {"uv": [9.5, 14.5, 10, 15], "texture": "#0"},
				"west": {"uv": [9, 14.5, 9.5, 15], "texture": "#0"},
				"up": {"uv": [7.5, 14.5, 7.5, 14.5], "texture": "#0"},
				"down": {"uv": [8.5, 15, 9, 15.5], "texture": "#0"}
			}
		},
		{
			"name": "illusion_cube",
			"from": [12, 8, 7],
			"to": [15, 11, 9],
			"rotation": {"angle": 0, "axis": "y", "origin": [4, 0, 2]},
			"faces": {
				"north": {"uv": [1, 12, 2.5, 13.5], "texture": "#0"},
				"east": {"uv": [0, 12, 1, 13.5], "texture": "#0"},
				"south": {"uv": [5, 12, 3.5, 13.5], "texture": "#0"},
				"west": {"uv": [2.5, 12, 3.5, 13.5], "texture": "#0"},
				"up": {"uv": [0, 11, 1.5, 12], "rotation": 180, "texture": "#0"},
				"down": {"uv": [1.5, 11, 3, 12], "texture": "#0"}
			}
		},
		{
			"name": "illusion_cube",
			"from": [13, 8, 6],
			"to": [14, 10, 7],
			"rotation": {"angle": 0, "axis": "y", "origin": [5, 1, 2]},
			"faces": {
				"north": {"uv": [6, 12, 6.5, 13], "texture": "#0"},
				"east": {"uv": [5.5, 12, 6, 13], "texture": "#0"},
				"south": {"uv": [6.5, 12, 7, 12.5], "texture": "#0"},
				"west": {"uv": [7, 12, 7.5, 13], "texture": "#0"},
				"up": {"uv": [6.5, 11, 7, 11.5], "rotation": 180, "texture": "#0"},
				"down": {"uv": [7, 11, 7.5, 11.5], "texture": "#0"}
			}
		},
		{
			"name": "illusion_cube",
			"from": [12, 5, 7],
			"to": [15, 8, 9],
			"rotation": {"angle": 0, "axis": "y", "origin": [4, 0, 1]},
			"faces": {
				"north": {"uv": [9, 12.5, 10.5, 14], "texture": "#0"},
				"east": {"uv": [8, 12.5, 9, 14], "texture": "#0"},
				"south": {"uv": [11.5, 12.5, 13, 14], "texture": "#0"},
				"west": {"uv": [10.5, 12.5, 11.5, 14], "texture": "#0"},
				"up": {"uv": [13.5, 12.5, 13.5, 12.5], "texture": "#0"},
				"down": {"uv": [9, 11.5, 10.5, 12.5], "texture": "#0"}
			}
		}
	],
	"display": {
		"thirdperson_righthand": {
			"rotation": [0, -180, 0],
			"translation": [0, 2.5, 2],
			"scale": [0.6, 0.6, 0.6]
		},
		"thirdperson_lefthand": {
			"rotation": [0, -180, 0],
			"translation": [0, 2.5, 2],
			"scale": [0.6, 0.6, 0.6]
		},
		"firstperson_righthand": {
			"rotation": [0, 122, -12],
			"translation": [0.25, 4.6, 1.5],
			"scale": [0.6, 0.6, 0.6]
		},
		"firstperson_lefthand": {
			"rotation": [0, 122, -12],
			"translation": [0, 4.6, 1.5],
			"scale": [0.6, 0.6, 0.6]
		},
		"ground": {
			"rotation": [0, -180, 0],
			"translation": [0, 2, 0],
			"scale": [0.5, 0.5, 0.5]
		},
		"gui": {
			"rotation": [24, 148, 0]
		},
		"head": {
			"translation": [0, 12, 0],
			"scale": [0.75, 0.75, 0.75]
		},
		"fixed": {
			"translation": [0, 0, -2]
		}
	}
}